fast_days,slow_days,smoother_days,sample,start,end,trading_days,ending_value,annualized_return,annualized_volatility,sharpe_ratio,max_drawdown,average_gross_exposure,average_daily_turnover,validation_rank
5,10,2,training,2020-01-02,2024-05-31,1111,1.0765579330892294,0.01688854922298355,0.27364414991833613,0.1981146215388742,-0.504906618141872,1.8250917236443862,0.7903802809942589,3.0
5,10,2,validation,2024-06-03,2025-05-30,249,0.8499915272321533,-0.1522337513286487,0.2741359920923583,-0.46301531687616326,-0.24810681488588593,1.8369301087094267,0.7935363437535726,3.0
5,10,3,training,2020-01-02,2024-05-31,1111,1.164791849587956,0.0352378921908274,0.27444805538376355,0.2634321341810897,-0.4772385150435563,1.833320554848855,0.7895617579460673,16.0
5,10,3,validation,2024-06-03,2025-05-30,249,0.8330246537715292,-0.1694263619320735,0.275146470818003,-0.5343962493960649,-0.2570485652791705,1.8454772993661819,0.7935876299314483,16.0
5,10,4,training,2020-01-02,2024-05-31,1111,1.2638849431946333,0.05460629772083947,0.27607430736167493,0.33062169551010084,-0.47635500706954303,1.8436962093127143,0.7887602135966214,24.0
5,10,4,validation,2024-06-03,2025-05-30,249,0.8146378693558424,-0.18805139504904944,0.27578236356072533,-0.6143648816695724,-0.27280001251991015,1.855530983660417,0.7936317506941699,24.0
5,20,2,training,2020-01-02,2024-05-31,1111,1.6513878599446057,0.12061809450291094,0.28566151552967056,0.541852679120614,-0.4309841650364502,1.9014950809138909,0.7827567744664479,32.0
5,20,2,validation,2024-06-03,2025-05-30,249,0.773785019664208,-0.22940910879516208,0.28399946227659495,-0.7715789230612992,-0.29438516931430003,1.9258985761152976,0.7939022246174636,32.0
5,20,3,training,2020-01-02,2024-05-31,1111,1.7655340908859898,0.13775184595061862,0.2854784520696908,0.595090863725056,-0.42731761907207566,1.9027143350581228,0.7819716330795827,31.0
5,20,3,validation,2024-06-03,2025-05-30,249,0.7773878301808856,-0.2257631637570474,0.28170573580207453,-0.7634294461303467,-0.3010864637814453,1.9284102101745155,0.7938590685008543,31.0
5,20,4,training,2020-01-02,2024-05-31,1111,1.882627331970984,0.15446012145269306,0.28533366502671553,0.6462577741867448,-0.41580765407803455,1.9040624490955107,0.7811878423720328,30.0
5,20,4,validation,2024-06-03,2025-05-30,249,0.786430431323795,-0.21661110265532124,0.2791395712184235,-0.7310907463833515,-0.30283679854398904,1.9308925994877542,0.7937765686330236,30.0
10,20,2,training,2020-01-02,2024-05-31,1111,2.1526793867633156,0.1901324927979282,0.28322679630695996,0.7564071881493644,-0.38586081939973993,1.9106322924573946,0.782493831776327,22.0
10,20,2,validation,2024-06-03,2025-05-30,249,0.8196788069742097,-0.18294580716496045,0.27393079593338754,-0.5973908291915593,-0.30326114450531727,1.933463703193891,0.7935109508604278,22.0
10,20,3,training,2020-01-02,2024-05-31,1111,2.2243135172993096,0.19901019519216634,0.28280975075132825,0.783303018521512,-0.37644900618580235,1.9103978682804545,0.7817388670159741,20.0
10,20,3,validation,2024-06-03,2025-05-30,249,0.8265136281355718,-0.17602252079817682,0.2718447909482037,-0.573192241899994,-0.30538057577315014,1.935412832283685,0.7934458797393248,20.0
10,20,4,training,2020-01-02,2024-05-31,1111,2.287225963433813,0.20662653160630096,0.2823654147557738,0.8064387371578366,-0.364130495731254,1.910381978704748,0.7809844114375458,18.0
10,20,4,validation,2024-06-03,2025-05-30,249,0.8334905370579457,-0.1689543551523378,0.26939534527175346,-0.5493213795487712,-0.30466717264427257,1.9363226841685954,0.7933794257980168,18.0
10,20,5,training,2020-01-02,2024-05-31,1111,2.35605636811343,0.2147760127998548,0.28203179710420034,0.8308482851272421,-0.3458659726389556,1.9106388958146991,0.7802221229297555,14.0
10,20,5,validation,2024-06-03,2025-05-30,249,0.8402209409342705,-0.1621350143310254,0.26694712045143487,-0.5263613950925202,-0.3027703081749936,1.9381343411741438,0.7933099159085678,14.0
10,20,6,training,2020-01-02,2024-05-31,1111,2.416217024394167,0.22174962219908712,0.28174021267523874,0.8516553194726003,-0.32504165510413796,1.9106629793970196,0.7794677617851732,11.0
10,20,6,validation,2024-06-03,2025-05-30,249,0.8466889315546811,-0.15558072401313083,0.2645595665724043,-0.5041965791962641,-0.30004838188141647,1.9395017045568888,0.7932396826265802,11.0
10,20,7,training,2020-01-02,2024-05-31,1111,2.452036659102163,0.22583819023297358,0.28162326763261886,0.8636882752355279,-0.3028575100465536,1.9108902116245203,0.7787209487770211,4.0
10,20,7,validation,2024-06-03,2025-05-30,249,0.8539721889945208,-0.14819932267565583,0.26226377936325945,-0.47787916541941194,-0.29601438555833104,1.9413504525640293,0.7931703624154718,4.0
10,20,8,training,2020-01-02,2024-05-31,1111,2.475957776865835,0.22854298344945545,0.28175097682897926,0.8711928840949807,-0.281084292095204,1.9111943304454166,0.7779760446415074,2.0
10,20,8,validation,2024-06-03,2025-05-30,249,0.861594968839445,-0.14047273634346358,0.2600542234781705,-0.44958808623076923,-0.2903190232380214,1.9427467742584121,0.7931035832138132,2.0
10,20,9,training,2020-01-02,2024-05-31,1111,2.47371416423086,0.22829015571475808,0.28201193850804374,0.8698784842534213,-0.2599989712543649,1.911337068144127,0.7772367489988015,1.0
10,20,9,validation,2024-06-03,2025-05-30,249,0.8678408312909739,-0.13414099585344053,0.257852255082009,-0.4272978115751426,-0.2840982054059338,1.9453089638953338,0.793047130462007,1.0
10,60,2,training,2020-01-02,2024-05-31,1111,1.8153975270771885,0.14496861978264408,0.2946078483438905,0.6068569120405402,-0.41517404182526296,1.877899057727072,0.7541762974885786,39.0
10,60,2,validation,2024-06-03,2025-05-30,249,0.7453474314156019,-0.2581774524885785,0.28118541877456654,-0.9168768280794573,-0.3724880660165001,1.9764547524443408,0.7939785041042922,39.0
10,60,3,training,2020-01-02,2024-05-31,1111,1.7749211427946183,0.1391223732128568,0.2948454414260183,0.5892674146169932,-0.42154844918030965,1.8763318621985978,0.7534605354898061,40.0
10,60,3,validation,2024-06-03,2025-05-30,249,0.74530319585658,-0.25822218893076065,0.2801301988482295,-0.9216238828546138,-0.3750925961785926,1.976557114541637,0.7939813958569706,40.0
10,60,4,training,2020-01-02,2024-05-31,1111,1.7441342175034429,0.1346062382008073,0.29491328537444267,0.5757557108976202,-0.4274365591065685,1.8747776737734738,0.7527235017828667,38.0
10,60,4,validation,2024-06-03,2025-05-30,249,0.7474040943918139,-0.2560974544967366,0.2790766708925715,-0.9159835099285314,-0.375790681809675,1.9769663138121478,0.79397438017714,38.0
10,60,5,training,2020-01-02,2024-05-31,1111,1.6987941290438198,0.1278417590921812,0.29496414814475225,0.5554651959264677,-0.43262841557205045,1.8732751615331134,0.7520051975977676,37.0
10,60,5,validation,2024-06-03,2025-05-30,249,0.7508453469623887,-0.2526169509375754,0.27818382270869596,-0.9031430775457812,-0.3752250087315643,1.977048250103741,0.7939597797734544,37.0
10,60,6,training,2020-01-02,2024-05-31,1111,1.647688829798936,0.12004773289479997,0.2949536969234065,0.5319958363702136,-0.4371969328273384,1.8717389449267827,0.7513032448798999,36.0
10,60,6,validation,2024-06-03,2025-05-30,249,0.7559516107564412,-0.24745197120250706,0.2774154005479714,-0.8817312625170365,-0.37313679498887986,1.9774120412813239,0.7939376465234435,36.0
10,60,7,training,2020-01-02,2024-05-31,1111,1.5934901595572544,0.11157502259687946,0.2949248146217564,0.5063041358724314,-0.4411587474566575,1.8702288837876555,0.750614131200413,35.0
10,60,7,validation,2024-06-03,2025-05-30,249,0.762110705337513,-0.24122130597030034,0.2767973908715448,-0.8546927638376761,-0.3696501534784523,1.9774338789995805,0.7939097097824717,35.0
10,60,8,training,2020-01-02,2024-05-31,1111,1.5317921060928483,0.10165438172105823,0.29475694378495615,0.4760459060375637,-0.44467441186823675,1.8687652277171543,0.7499469203557986,34.0
10,60,8,validation,2024-06-03,2025-05-30,249,0.7689818429786062,-0.23426936530326503,0.2763561155071032,-0.8236722658875915,-0.36506108779751656,1.9778225448090752,0.7938790608560925,34.0
10,60,9,training,2020-01-02,2024-05-31,1111,1.4690288626762877,0.09124030662530602,0.29460515628984885,0.44393420630617325,-0.4473950251979385,1.8672671649554429,0.7492716074410556,33.0
10,60,9,validation,2024-06-03,2025-05-30,249,0.7759421214955692,-0.22722621394822762,0.27610375509091195,-0.7916913113593234,-0.359971290421794,1.9779243418404526,0.7938475075510377,33.0
20,60,2,training,2020-01-02,2024-05-31,1111,1.3157970223132924,0.06428784316897573,0.2919705559270899,0.35966412521092944,-0.444045648477261,1.8814219907580558,0.7545193152147135,29.0
20,60,2,validation,2024-06-03,2025-05-30,249,0.7992183447755663,-0.20366549930689837,0.2737301561274371,-0.6919324248788381,-0.34496795821230586,1.9798860161817058,0.793738658212015,29.0
20,60,3,training,2020-01-02,2024-05-31,1111,1.2902451454614907,0.059560081820426714,0.2917909975095865,0.3444750313399321,-0.44719497705033584,1.879676802740556,0.7538075224008973,28.0
20,60,3,validation,2024-06-03,2025-05-30,249,0.8020159884629547,-0.20083291010847504,0.2740497316638237,-0.6779335273194468,-0.34221633011970687,1.9796997064704625,0.7937213387790085,28.0
20,60,4,training,2020-01-02,2024-05-31,1111,1.2753626019905044,0.05677297829984562,0.29154621145210324,0.33550704226086764,-0.4497479731826015,1.8779705984094741,0.7530718523327882,27.0
20,60,4,validation,2024-06-03,2025-05-30,249,0.8052224898166901,-0.1975861602025133,0.2744705089100935,-0.6617894959899694,-0.3386288854691347,1.9799909795683237,0.7937014245361853,27.0
20,60,5,training,2020-01-02,2024-05-31,1111,1.2523804053568708,0.05241922628475848,0.2913116570479448,0.3213964057965893,-0.4519370013705123,1.87621749718196,0.752354351868061,26.0
20,60,5,validation,2024-06-03,2025-05-30,249,0.8087605025561995,-0.19400349576168097,0.27497120675065545,-0.6439734248401265,-0.33423643062311637,1.9797470874881191,0.7936801168923661,26.0
20,60,6,training,2020-01-02,2024-05-31,1111,1.2277126771288394,0.047676899320206356,0.2911062548132528,0.3059279863247259,-0.453445201804648,1.8745385487520512,0.751650626623932,25.0
20,60,6,validation,2024-06-03,2025-05-30,249,0.812625396927703,-0.19008953538842865,0.2756082439991285,-0.6243644741068534,-0.32902094979153607,1.9800734769532966,0.7936594312757645,25.0
20,60,7,training,2020-01-02,2024-05-31,1111,1.2009100686301473,0.04243990807286324,0.29091799718011907,0.2887352473480725,-0.4546153161205163,1.8728522917123573,0.7509572972393468,23.0
20,60,7,validation,2024-06-03,2025-05-30,249,0.8169162052342374,-0.18574390232372318,0.2763495403673872,-0.602682117935194,-0.323757626796749,1.9798621104063803,0.7936378732072701,23.0
20,60,8,training,2020-01-02,2024-05-31,1111,1.1681653796511047,0.035917828776004246,0.2906852866701821,0.2671689982615055,-0.4549428056356847,1.8712109133315435,0.7502864034492767,21.0
20,60,8,validation,2024-06-03,2025-05-30,249,0.8208823707613203,-0.1817267326036186,0.27723781040271245,-0.5821977066501649,-0.3188966095392862,1.9801435112832124,0.793619549526493,21.0
20,60,9,training,2020-01-02,2024-05-31,1111,1.131545563427729,0.02845431601293069,0.29048794743953044,0.24228586622554313,-0.45724574096321646,1.8696080714267838,0.7496074394709682,19.0
20,60,9,validation,2024-06-03,2025-05-30,249,0.8246042729555411,-0.17795668263292108,0.2782390140573093,-0.5626578658824606,-0.3141127335896937,1.980110019543748,0.7936035551820201,19.0
20,60,10,training,2020-01-02,2024-05-31,1111,1.099816975734289,0.021835182874887282,0.29036336125406564,0.22004859768258136,-0.4589825062187959,1.8679559466757851,0.7489271825661227,17.0
20,60,10,validation,2024-06-03,2025-05-30,249,0.8278523705442052,-0.17466634223928712,0.27934598887112777,-0.5450856121881834,-0.30946453263275575,1.980319026625812,0.7935903854444959,17.0
20,60,11,training,2020-01-02,2024-05-31,1111,1.0672131754291663,0.014877866353915081,0.2901918102164558,0.19648383729105,-0.46044220283447945,1.8663773591111252,0.7482556609832188,15.0
20,60,11,validation,2024-06-03,2025-05-30,249,0.8306599954124565,-0.17182203527377227,0.2805251817578983,-0.5294029887577376,-0.305047250228089,1.9804263926439156,0.7935788896736793,15.0
20,60,12,training,2020-01-02,2024-05-31,1111,1.030860314485511,0.006924054897655019,0.2899641214482529,0.16929913957817544,-0.46163514271723216,1.8647297074671545,0.747602991216977,13.0
20,60,12,validation,2024-06-03,2025-05-30,249,0.8328130301173057,-0.16964076572668874,0.2816986432706368,-0.5167210949256009,-0.30101215599248987,1.9805754329989924,0.7935690584501246,13.0
20,60,13,training,2020-01-02,2024-05-31,1111,1.0005934980132178,0.000134709193781557,0.28976455115188654,0.14588569530077916,-0.46254410644644806,1.8631296955897412,0.7469423943650549,12.0
20,60,13,validation,2024-06-03,2025-05-30,249,0.8344352252230726,-0.16799723710100745,0.28287722634100504,-0.5064181497819794,-0.2973076277321157,1.9807939122305163,0.7935606393032769,12.0
20,60,14,training,2020-01-02,2024-05-31,1111,0.9718643078250376,-0.00645819928978153,0.289627668975283,0.12299694618506758,-0.4632737883139624,1.8615362920944034,0.7462725363012828,10.0
20,60,14,validation,2024-06-03,2025-05-30,249,0.8355375224603789,-0.166880414117894,0.2839494411368914,-0.49871019098137653,-0.29400397195930594,1.9809148062872253,0.7935546986669527,10.0
20,60,15,training,2020-01-02,2024-05-31,1111,0.9451001132645283,-0.012737135989542514,0.28953641335290514,0.10106070901618568,-0.4638171176866136,1.8598777039861065,0.7455918516483465,7.0
20,60,15,validation,2024-06-03,2025-05-30,249,0.8361545187956468,-0.16625527681234298,0.28491991569005176,-0.4933919956221441,-0.2935672975719875,1.9810789813562808,0.7935517403361168,7.0
20,60,16,training,2020-01-02,2024-05-31,1111,0.9237842803622193,-0.017836957082535743,0.2895089086506777,0.08316246044138753,-0.46422412877978514,1.8582732252534508,0.7449045064175025,6.0
20,60,16,validation,2024-06-03,2025-05-30,249,0.8360933675245446,-0.16631723527734243,0.2856850492135026,-0.49152747558774973,-0.29296124310656524,1.981180691991586,0.793551947365451,6.0
20,60,17,training,2020-01-02,2024-05-31,1111,0.9096729427874495,-0.021263360317354096,0.28951411987444364,0.0710995583879235,-0.4646548256189129,1.8565513120832962,0.7442043675610766,5.0
20,60,17,validation,2024-06-03,2025-05-30,249,0.8356901427137425,-0.16672578080646772,0.2863396071827279,-0.49141389464289253,-0.29211908383886465,1.9813766899239387,0.7935541297128185,5.0
20,60,18,training,2020-01-02,2024-05-31,1111,0.9024170509905947,-0.02304119765337176,0.2894815569711791,0.06479269564591655,-0.4650136806603853,1.854837458761204,0.743484928514355,8.0
20,60,18,validation,2024-06-03,2025-05-30,249,0.8345602914348107,-0.16787052400002778,0.2867844201892123,-0.4949333961586594,-0.2911037994866257,1.981502979365363,0.7935589972918553,8.0
20,60,19,training,2020-01-02,2024-05-31,1111,0.8951886694881493,-0.024823315268343138,0.2894714538945107,0.05847655480537492,-0.46765084858026007,1.8531526384150188,0.7427706852685081,9.0
20,60,19,validation,2024-06-03,2025-05-30,249,0.8335046363793455,-0.16894007044542414,0.28712312667963363,-0.4984254004203506,-0.28974703767196297,1.9817263066590913,0.7935652076966883,9.0
